{
	"id": "5554838b-9b9a-7c18-9c7a-4eed8c163fa3",
	"name": "API_AJI",
	"description": "",
	"order": [],
	"folders": [
		{
			"name": "AUTH",
			"description": "",
			"collectionId": "5554838b-9b9a-7c18-9c7a-4eed8c163fa3",
			"order": [
				"f71c1af0-da13-b3f9-ab9e-e6c86d2bc211",
				"353b72be-7aa3-0340-56fa-41e48a7bf4b3"
			],
			"owner": "2005796",
			"folders_order": [],
			"id": "c2f2f4cf-85ae-9dc6-f204-832afb353c09"
		},
		{
			"name": "CITY",
			"description": "",
			"collectionId": "5554838b-9b9a-7c18-9c7a-4eed8c163fa3",
			"order": [
				"4b244d14-be2a-35c4-f660-19048c1ac483",
				"7176db53-aa4f-ab5e-3211-c80b1e55e461"
			],
			"owner": "2005796",
			"folders_order": [],
			"id": "1bdf2dd1-0349-cb14-1546-71b948307d0f"
		},
		{
			"name": "EVENT",
			"description": "",
			"collectionId": "5554838b-9b9a-7c18-9c7a-4eed8c163fa3",
			"order": [
				"d9ee0111-1e9e-a627-4832-0eaeb287b6ad",
				"97e14580-fc35-d434-2962-043ba88fc641",
				"1d5d5db5-9bdf-fe76-b3e2-0d64777ba57b"
			],
			"owner": "2005796",
			"folders_order": [],
			"id": "87121454-248e-6679-515e-209710ed3707"
		},
		{
			"name": "POST",
			"description": "",
			"collectionId": "5554838b-9b9a-7c18-9c7a-4eed8c163fa3",
			"order": [
				"8ac4f8c1-2d24-3475-c4de-f05c2c18a957",
				"6a46c5bf-d81f-c359-4110-5cc3c1e305fc",
				"e25c7c35-a312-7d35-ea14-6f1ec588dee2",
				"2d17f8b7-1030-6db0-d556-552cb63c91c0",
				"0ea11f4b-01e8-50b7-8f58-1d51079e6bae",
				"7753d4e1-d7b2-0f09-2c21-355d7c39f47a",
				"8cbc4de1-0226-b9e5-0256-ab1d8628aa05",
				"8cca710a-e6f4-2070-1c41-a03c16aafed3",
				"70aac0e8-0372-60e6-cbd0-7d753db19be0",
				"9d7a46e6-c2df-892f-5445-68bd6b894a4a",
				"30992ec7-e953-3732-71a3-77f03ebd9be8"
			],
			"owner": "2005796",
			"folders_order": [],
			"id": "0618170c-812f-01c9-f43f-775906c44abd"
		},
		{
			"name": "PROFILE",
			"description": "",
			"collectionId": "5554838b-9b9a-7c18-9c7a-4eed8c163fa3",
			"order": [
				"5cbfe87a-6442-5cd0-031e-1ca0abd778d0",
				"3a9508ff-8222-2dce-85ff-4f41b639ab12"
			],
			"owner": "2005796",
			"folders_order": [],
			"id": "e84010e6-e382-d89e-9dd5-1b7bd8a8007e"
		}
	],
	"folders_order": [
		"87121454-248e-6679-515e-209710ed3707",
		"0618170c-812f-01c9-f43f-775906c44abd",
		"c2f2f4cf-85ae-9dc6-f204-832afb353c09",
		"e84010e6-e382-d89e-9dd5-1b7bd8a8007e",
		"1bdf2dd1-0349-cb14-1546-71b948307d0f"
	],
	"timestamp": 1514649161400,
	"owner": "2005796",
	"public": false,
	"requests": [
		{
			"id": "0ea11f4b-01e8-50b7-8f58-1d51079e6bae",
			"headers": "Authorization: Bearer $2y$10$oKqaI4iyxYZdBGhVVEIIBuHcQgxv9qR1vDtt15Dp5rY7LJ5sVp7ei\n",
			"headerData": [
				{
					"key": "Authorization",
					"value": "Bearer $2y$10$oKqaI4iyxYZdBGhVVEIIBuHcQgxv9qR1vDtt15Dp5rY7LJ5sVp7ei",
					"description": "",
					"enabled": true
				}
			],
			"url": "http://localhost:8000/api/v1/post-city/",
			"queryParams": [],
			"preRequestScript": null,
			"pathVariables": {},
			"pathVariableData": [],
			"method": "GET",
			"data": null,
			"dataMode": "params",
			"version": 2,
			"tests": null,
			"currentHelper": "normal",
			"helperAttributes": {},
			"time": 1514693453720,
			"name": "GET POST CITY",
			"description": "http://localhost:8000/api/v1/post-city/{city_id?}/{soting?}",
			"collectionId": "5554838b-9b9a-7c18-9c7a-4eed8c163fa3",
			"responses": []
		},
		{
			"id": "1d5d5db5-9bdf-fe76-b3e2-0d64777ba57b",
			"headers": "Authorization: Bearer $2y$10$oKqaI4iyxYZdBGhVVEIIBuHcQgxv9qR1vDtt15Dp5rY7LJ5sVp7ei\n",
			"headerData": [
				{
					"key": "Authorization",
					"value": "Bearer $2y$10$oKqaI4iyxYZdBGhVVEIIBuHcQgxv9qR1vDtt15Dp5rY7LJ5sVp7ei",
					"description": "",
					"enabled": true
				}
			],
			"url": "http://localhost:8000/api/v1/event/1",
			"folder": "87121454-248e-6679-515e-209710ed3707",
			"queryParams": [],
			"preRequestScript": null,
			"pathVariables": {},
			"pathVariableData": [],
			"method": "GET",
			"data": null,
			"dataMode": "params",
			"version": 2,
			"tests": null,
			"currentHelper": "normal",
			"helperAttributes": {},
			"time": 1514695034912,
			"name": "GET DETAIL EVENT",
			"description": "",
			"collectionId": "5554838b-9b9a-7c18-9c7a-4eed8c163fa3",
			"responses": []
		},
		{
			"id": "2d17f8b7-1030-6db0-d556-552cb63c91c0",
			"headers": "Authorization: Bearer $2y$10$oKqaI4iyxYZdBGhVVEIIBuHcQgxv9qR1vDtt15Dp5rY7LJ5sVp7ei\n",
			"headerData": [
				{
					"key": "Authorization",
					"value": "Bearer $2y$10$oKqaI4iyxYZdBGhVVEIIBuHcQgxv9qR1vDtt15Dp5rY7LJ5sVp7ei",
					"description": "",
					"enabled": true
				}
			],
			"url": "http://localhost:8000/api/v1/post-national/terhangat",
			"folder": "0618170c-812f-01c9-f43f-775906c44abd",
			"queryParams": [],
			"preRequestScript": null,
			"pathVariables": {},
			"pathVariableData": [],
			"method": "GET",
			"data": null,
			"dataMode": "params",
			"version": 2,
			"tests": null,
			"currentHelper": "normal",
			"helperAttributes": {},
			"time": 1514692324062,
			"name": "GET ALL POST NATIONAL TERHANGAT",
			"description": "",
			"collectionId": "5554838b-9b9a-7c18-9c7a-4eed8c163fa3",
			"responses": []
		},
		{
			"id": "30992ec7-e953-3732-71a3-77f03ebd9be8",
			"headers": "Authorization: Bearer $2y$10$oKqaI4iyxYZdBGhVVEIIBuHcQgxv9qR1vDtt15Dp5rY7LJ5sVp7ei\n",
			"headerData": [
				{
					"key": "Authorization",
					"value": "Bearer $2y$10$oKqaI4iyxYZdBGhVVEIIBuHcQgxv9qR1vDtt15Dp5rY7LJ5sVp7ei",
					"description": "",
					"enabled": true
				}
			],
			"url": "http://localhost:8000/api/v1/my-post",
			"folder": "0618170c-812f-01c9-f43f-775906c44abd",
			"queryParams": [],
			"preRequestScript": null,
			"pathVariables": {},
			"pathVariableData": [],
			"method": "GET",
			"data": null,
			"dataMode": "params",
			"version": 2,
			"tests": null,
			"currentHelper": "normal",
			"helperAttributes": {},
			"time": 1514693806720,
			"name": "GET MY POST",
			"description": "",
			"collectionId": "5554838b-9b9a-7c18-9c7a-4eed8c163fa3",
			"responses": []
		},
		{
			"id": "353b72be-7aa3-0340-56fa-41e48a7bf4b3",
			"headers": "",
			"headerData": [],
			"url": "http://localhost:8000/api/v1/register",
			"queryParams": [],
			"preRequestScript": null,
			"pathVariables": {},
			"pathVariableData": [],
			"method": "POST",
			"data": [
				{
					"key": "email",
					"value": "yuan2@domain.com",
					"description": "",
					"type": "text",
					"enabled": true
				},
				{
					"key": "password",
					"value": "uba2013",
					"description": "",
					"type": "text",
					"enabled": true
				},
				{
					"key": "username",
					"value": "yuanpp",
					"description": "",
					"type": "text",
					"enabled": true
				},
				{
					"key": "city_id",
					"value": "9",
					"description": "",
					"type": "text",
					"enabled": true
				},
				{
					"key": "name",
					"value": "yuan ajah",
					"description": "",
					"type": "text",
					"enabled": true
				},
				{
					"key": "password_",
					"value": "",
					"description": "",
					"type": "text",
					"enabled": false
				}
			],
			"dataMode": "params",
			"version": 2,
			"tests": null,
			"currentHelper": "normal",
			"helperAttributes": {},
			"time": 1514657520632,
			"name": "register",
			"description": "",
			"collectionId": "5554838b-9b9a-7c18-9c7a-4eed8c163fa3",
			"responses": []
		},
		{
			"id": "3a9508ff-8222-2dce-85ff-4f41b639ab12",
			"headers": "Authorization: Bearer $2y$10$oKqaI4iyxYZdBGhVVEIIBuHcQgxv9qR1vDtt15Dp5rY7LJ5sVp7ei\n",
			"headerData": [
				{
					"key": "Authorization",
					"value": "Bearer $2y$10$oKqaI4iyxYZdBGhVVEIIBuHcQgxv9qR1vDtt15Dp5rY7LJ5sVp7ei",
					"description": "",
					"enabled": true
				}
			],
			"url": "http://localhost:8000/api/v1/profile",
			"folder": "e84010e6-e382-d89e-9dd5-1b7bd8a8007e",
			"queryParams": [],
			"preRequestScript": null,
			"pathVariables": {},
			"pathVariableData": [],
			"method": "GET",
			"data": null,
			"dataMode": "params",
			"version": 2,
			"tests": null,
			"currentHelper": "normal",
			"helperAttributes": {},
			"time": 1514692563044,
			"name": "GET MY PROFILE",
			"description": "",
			"collectionId": "5554838b-9b9a-7c18-9c7a-4eed8c163fa3",
			"responses": []
		},
		{
			"id": "4b244d14-be2a-35c4-f660-19048c1ac483",
			"headers": "",
			"headerData": [
				{
					"key": "",
					"value": "",
					"description": "",
					"enabled": false
				}
			],
			"url": "http://localhost:8000/api/v1/city",
			"queryParams": [],
			"preRequestScript": null,
			"pathVariables": {},
			"pathVariableData": [],
			"method": "GET",
			"data": null,
			"dataMode": "params",
			"version": 2,
			"tests": null,
			"currentHelper": "normal",
			"helperAttributes": {},
			"time": 1514660848699,
			"name": "get all city for regis",
			"description": "",
			"collectionId": "5554838b-9b9a-7c18-9c7a-4eed8c163fa3",
			"responses": []
		},
		{
			"id": "5cbfe87a-6442-5cd0-031e-1ca0abd778d0",
			"headers": "Authorization: Bearer $2y$10$oKqaI4iyxYZdBGhVVEIIBuHcQgxv9qR1vDtt15Dp5rY7LJ5sVp7ei\n",
			"headerData": [
				{
					"key": "Authorization",
					"value": "Bearer $2y$10$oKqaI4iyxYZdBGhVVEIIBuHcQgxv9qR1vDtt15Dp5rY7LJ5sVp7ei",
					"description": "",
					"enabled": true
				}
			],
			"url": "http://localhost:8000/api/v1/profile/16",
			"queryParams": [],
			"preRequestScript": null,
			"pathVariables": {},
			"pathVariableData": [],
			"method": "GET",
			"data": null,
			"dataMode": "params",
			"version": 2,
			"tests": null,
			"currentHelper": "normal",
			"helperAttributes": {},
			"time": 1514658311875,
			"name": "GET PROFILE USER",
			"description": "",
			"collectionId": "5554838b-9b9a-7c18-9c7a-4eed8c163fa3",
			"responses": []
		},
		{
			"id": "6a46c5bf-d81f-c359-4110-5cc3c1e305fc",
			"headers": "Authorization: Bearer $2y$10$oKqaI4iyxYZdBGhVVEIIBuHcQgxv9qR1vDtt15Dp5rY7LJ5sVp7ei\n",
			"headerData": [
				{
					"key": "Authorization",
					"value": "Bearer $2y$10$oKqaI4iyxYZdBGhVVEIIBuHcQgxv9qR1vDtt15Dp5rY7LJ5sVp7ei",
					"description": "",
					"enabled": true
				}
			],
			"url": "http://localhost:8000/api/v1/post-national/terkini",
			"folder": "0618170c-812f-01c9-f43f-775906c44abd",
			"queryParams": [],
			"preRequestScript": null,
			"pathVariables": {},
			"pathVariableData": [],
			"method": "GET",
			"data": null,
			"dataMode": "params",
			"version": 2,
			"tests": null,
			"currentHelper": "normal",
			"helperAttributes": {},
			"time": 1514692235333,
			"name": "GET ALL POST NATIONAL TERKINI",
			"description": "",
			"collectionId": "5554838b-9b9a-7c18-9c7a-4eed8c163fa3",
			"responses": []
		},
		{
			"id": "70aac0e8-0372-60e6-cbd0-7d753db19be0",
			"headers": "Authorization: Bearer $2y$10$oKqaI4iyxYZdBGhVVEIIBuHcQgxv9qR1vDtt15Dp5rY7LJ5sVp7ei\n",
			"headerData": [
				{
					"key": "Authorization",
					"value": "Bearer $2y$10$oKqaI4iyxYZdBGhVVEIIBuHcQgxv9qR1vDtt15Dp5rY7LJ5sVp7ei",
					"description": "",
					"enabled": true
				}
			],
			"url": "http://localhost:8000/api/v1/post/sticky",
			"queryParams": [],
			"preRequestScript": null,
			"pathVariables": {},
			"pathVariableData": [],
			"method": "GET",
			"data": null,
			"dataMode": "params",
			"version": 2,
			"tests": null,
			"currentHelper": "normal",
			"helperAttributes": {},
			"time": 1514657974538,
			"name": "GET POST STYKY",
			"description": "",
			"collectionId": "5554838b-9b9a-7c18-9c7a-4eed8c163fa3",
			"responses": []
		},
		{
			"id": "7176db53-aa4f-ab5e-3211-c80b1e55e461",
			"headers": "Authorization: Bearer $2y$10$oKqaI4iyxYZdBGhVVEIIBuHcQgxv9qR1vDtt15Dp5rY7LJ5sVp7ei\n",
			"headerData": [
				{
					"key": "Authorization",
					"value": "Bearer $2y$10$oKqaI4iyxYZdBGhVVEIIBuHcQgxv9qR1vDtt15Dp5rY7LJ5sVp7ei",
					"description": "",
					"enabled": true
				}
			],
			"url": "http://localhost:8000/api/v1/city-list-view",
			"folder": "1bdf2dd1-0349-cb14-1546-71b948307d0f",
			"queryParams": [],
			"preRequestScript": null,
			"pathVariables": {},
			"pathVariableData": [],
			"method": "GET",
			"data": null,
			"dataMode": "params",
			"version": 2,
			"tests": null,
			"currentHelper": "normal",
			"helperAttributes": {},
			"time": 1514694029436,
			"name": "GET ALL CITY TO VIEW POST",
			"description": "listing view city post menurut role masing masing user",
			"collectionId": "5554838b-9b9a-7c18-9c7a-4eed8c163fa3",
			"responses": []
		},
		{
			"id": "7753d4e1-d7b2-0f09-2c21-355d7c39f47a",
			"headers": "Authorization: Bearer $2y$10$oKqaI4iyxYZdBGhVVEIIBuHcQgxv9qR1vDtt15Dp5rY7LJ5sVp7ei\n",
			"headerData": [
				{
					"key": "Authorization",
					"value": "Bearer $2y$10$oKqaI4iyxYZdBGhVVEIIBuHcQgxv9qR1vDtt15Dp5rY7LJ5sVp7ei",
					"description": "",
					"enabled": true
				}
			],
			"url": "http://localhost:8000/api/v1/post-city/7/terkini",
			"folder": "0618170c-812f-01c9-f43f-775906c44abd",
			"queryParams": [],
			"preRequestScript": null,
			"pathVariables": {},
			"pathVariableData": [],
			"method": "GET",
			"data": null,
			"dataMode": "params",
			"version": 2,
			"tests": null,
			"currentHelper": "normal",
			"helperAttributes": {},
			"time": 1514693782159,
			"name": "GET POST CITY TERKINI",
			"description": "",
			"collectionId": "5554838b-9b9a-7c18-9c7a-4eed8c163fa3",
			"responses": []
		},
		{
			"id": "8ac4f8c1-2d24-3475-c4de-f05c2c18a957",
			"headers": "Authorization: Bearer $2y$10$oKqaI4iyxYZdBGhVVEIIBuHcQgxv9qR1vDtt15Dp5rY7LJ5sVp7ei\n",
			"headerData": [
				{
					"key": "Authorization",
					"value": "Bearer $2y$10$oKqaI4iyxYZdBGhVVEIIBuHcQgxv9qR1vDtt15Dp5rY7LJ5sVp7ei",
					"description": "",
					"enabled": true
				}
			],
			"url": "http://localhost:8000/api/v1/post-national",
			"folder": "0618170c-812f-01c9-f43f-775906c44abd",
			"queryParams": [],
			"preRequestScript": null,
			"pathVariables": {},
			"pathVariableData": [],
			"method": "GET",
			"data": null,
			"dataMode": "params",
			"version": 2,
			"tests": null,
			"currentHelper": "normal",
			"helperAttributes": {},
			"time": 1514661969527,
			"name": "GET ALL POST NATIONAL",
			"description": "",
			"collectionId": "5554838b-9b9a-7c18-9c7a-4eed8c163fa3",
			"responses": []
		},
		{
			"id": "8cbc4de1-0226-b9e5-0256-ab1d8628aa05",
			"headers": "Authorization: Bearer $2y$10$oKqaI4iyxYZdBGhVVEIIBuHcQgxv9qR1vDtt15Dp5rY7LJ5sVp7ei\n",
			"headerData": [
				{
					"key": "Authorization",
					"value": "Bearer $2y$10$oKqaI4iyxYZdBGhVVEIIBuHcQgxv9qR1vDtt15Dp5rY7LJ5sVp7ei",
					"description": "",
					"enabled": true
				}
			],
			"url": "http://localhost:8000/api/v1/post-city/terpopuler",
			"folder": "0618170c-812f-01c9-f43f-775906c44abd",
			"queryParams": [],
			"preRequestScript": null,
			"pathVariables": {},
			"pathVariableData": [],
			"method": "GET",
			"data": null,
			"dataMode": "params",
			"version": 2,
			"tests": null,
			"currentHelper": "normal",
			"helperAttributes": {},
			"time": 1514692419484,
			"name": "GET POST CITY TERPOPULER",
			"description": "",
			"collectionId": "5554838b-9b9a-7c18-9c7a-4eed8c163fa3",
			"responses": []
		},
		{
			"id": "8cca710a-e6f4-2070-1c41-a03c16aafed3",
			"headers": "Authorization: Bearer $2y$10$oKqaI4iyxYZdBGhVVEIIBuHcQgxv9qR1vDtt15Dp5rY7LJ5sVp7ei\n",
			"headerData": [
				{
					"key": "Authorization",
					"value": "Bearer $2y$10$oKqaI4iyxYZdBGhVVEIIBuHcQgxv9qR1vDtt15Dp5rY7LJ5sVp7ei",
					"description": "",
					"enabled": true
				}
			],
			"url": "http://localhost:8000/api/v1/post-city/terhangat",
			"folder": "0618170c-812f-01c9-f43f-775906c44abd",
			"queryParams": [],
			"preRequestScript": null,
			"pathVariables": {},
			"pathVariableData": [],
			"method": "GET",
			"data": null,
			"dataMode": "params",
			"version": 2,
			"tests": null,
			"currentHelper": "normal",
			"helperAttributes": {},
			"time": 1514692485684,
			"name": "GET POST CITY TERHANGAT",
			"description": "",
			"collectionId": "5554838b-9b9a-7c18-9c7a-4eed8c163fa3",
			"responses": []
		},
		{
			"id": "97e14580-fc35-d434-2962-043ba88fc641",
			"headers": "Authorization: Bearer $2y$10$oKqaI4iyxYZdBGhVVEIIBuHcQgxv9qR1vDtt15Dp5rY7LJ5sVp7ei\n",
			"headerData": [
				{
					"key": "Authorization",
					"value": "Bearer $2y$10$oKqaI4iyxYZdBGhVVEIIBuHcQgxv9qR1vDtt15Dp5rY7LJ5sVp7ei",
					"description": "",
					"enabled": true
				}
			],
			"url": "http://localhost:8000/api/v1/event-reservation",
			"folder": "87121454-248e-6679-515e-209710ed3707",
			"queryParams": [],
			"preRequestScript": null,
			"pathVariables": {},
			"pathVariableData": [],
			"method": "GET",
			"data": null,
			"dataMode": "params",
			"version": 2,
			"tests": null,
			"currentHelper": "normal",
			"helperAttributes": {},
			"time": 1514694089887,
			"name": "GET ALL LOG EVENT HASRESERVATION",
			"description": "",
			"collectionId": "5554838b-9b9a-7c18-9c7a-4eed8c163fa3",
			"responses": []
		},
		{
			"id": "9d7a46e6-c2df-892f-5445-68bd6b894a4a",
			"headers": "Authorization: Bearer $2y$10$oKqaI4iyxYZdBGhVVEIIBuHcQgxv9qR1vDtt15Dp5rY7LJ5sVp7ei\n",
			"headerData": [
				{
					"key": "Authorization",
					"value": "Bearer $2y$10$oKqaI4iyxYZdBGhVVEIIBuHcQgxv9qR1vDtt15Dp5rY7LJ5sVp7ei",
					"description": "",
					"enabled": true
				}
			],
			"url": "http://localhost:8000/api/v1/post/14",
			"folder": "0618170c-812f-01c9-f43f-775906c44abd",
			"queryParams": [],
			"preRequestScript": null,
			"pathVariables": {},
			"pathVariableData": [],
			"method": "GET",
			"data": null,
			"dataMode": "params",
			"version": 2,
			"tests": null,
			"currentHelper": "normal",
			"helperAttributes": {},
			"time": 1514660164581,
			"name": "GET POST DETAIL",
			"description": "",
			"collectionId": "5554838b-9b9a-7c18-9c7a-4eed8c163fa3",
			"responses": []
		},
		{
			"id": "d9ee0111-1e9e-a627-4832-0eaeb287b6ad",
			"headers": "Authorization: Bearer $2y$10$oKqaI4iyxYZdBGhVVEIIBuHcQgxv9qR1vDtt15Dp5rY7LJ5sVp7ei\n",
			"headerData": [
				{
					"key": "Authorization",
					"value": "Bearer $2y$10$oKqaI4iyxYZdBGhVVEIIBuHcQgxv9qR1vDtt15Dp5rY7LJ5sVp7ei",
					"description": "",
					"enabled": true
				}
			],
			"url": "http://localhost:8000/api/v1/event",
			"folder": "87121454-248e-6679-515e-209710ed3707",
			"queryParams": [],
			"preRequestScript": null,
			"pathVariables": {},
			"pathVariableData": [],
			"method": "GET",
			"data": null,
			"dataMode": "params",
			"version": 2,
			"tests": null,
			"currentHelper": "normal",
			"helperAttributes": {},
			"time": 1514694927354,
			"name": "GET ALL EVENT",
			"description": "",
			"collectionId": "5554838b-9b9a-7c18-9c7a-4eed8c163fa3",
			"responses": []
		},
		{
			"id": "e25c7c35-a312-7d35-ea14-6f1ec588dee2",
			"headers": "Authorization: Bearer $2y$10$oKqaI4iyxYZdBGhVVEIIBuHcQgxv9qR1vDtt15Dp5rY7LJ5sVp7ei\n",
			"headerData": [
				{
					"key": "Authorization",
					"value": "Bearer $2y$10$oKqaI4iyxYZdBGhVVEIIBuHcQgxv9qR1vDtt15Dp5rY7LJ5sVp7ei",
					"description": "",
					"enabled": true
				}
			],
			"url": "http://localhost:8000/api/v1/post-national/terpopuler",
			"folder": "0618170c-812f-01c9-f43f-775906c44abd",
			"queryParams": [],
			"preRequestScript": null,
			"pathVariables": {},
			"pathVariableData": [],
			"method": "GET",
			"data": null,
			"dataMode": "params",
			"version": 2,
			"tests": null,
			"currentHelper": "normal",
			"helperAttributes": {},
			"time": 1514692268414,
			"name": "GET ALL POST NATIONAL TERPOPULER",
			"description": "",
			"collectionId": "5554838b-9b9a-7c18-9c7a-4eed8c163fa3",
			"responses": []
		},
		{
			"id": "f71c1af0-da13-b3f9-ab9e-e6c86d2bc211",
			"headers": "",
			"headerData": [],
			"url": "http://localhost:8000/api/v1/get-token",
			"folder": "0618170c-812f-01c9-f43f-775906c44abd",
			"queryParams": [],
			"preRequestScript": null,
			"pathVariables": {},
			"pathVariableData": [],
			"method": "POST",
			"data": [
				{
					"key": "email",
					"value": "yuan@domain.com",
					"description": "",
					"type": "text",
					"enabled": true
				},
				{
					"key": "password",
					"value": "uba2013",
					"description": "",
					"type": "text",
					"enabled": true
				}
			],
			"dataMode": "params",
			"version": 2,
			"tests": null,
			"currentHelper": "normal",
			"helperAttributes": {},
			"time": 1514656023739,
			"name": "generate token access",
			"description": "",
			"collectionId": "5554838b-9b9a-7c18-9c7a-4eed8c163fa3",
			"responses": []
		}
	]
}